audio_path,reference,condition
data/raw/my_dataset/hi/clips/common_voice_hi_24974933.mp3,वह बहुत बोलती है।,clean
data/raw/my_dataset/hi/clips/common_voice_hi_24774805.mp3,टॉम के पास चाय नहीं है।,clean
data/raw/my_dataset/hi/clips/common_voice_hi_26032384.mp3,थोड़ी ऊँची आवाज़ में बोलिए।,clean
data/raw/my_dataset/hi/clips/common_voice_hi_25612223.mp3,राजस्थान: क्या बाड़मेर विधानसभा सीट पर कांग्रेस लगाएगी हैट्रिक?,clean
data/raw/my_dataset/hi/clips/common_voice_hi_23964614.mp3,यह रही तेरी चाय।,clean
data/raw/my_dataset/hi/clips/common_voice_hi_25188824.mp3,जल्दी से दरवाजा बंद कर दीजिए।,clean
data/raw/my_dataset/hi/clips/common_voice_hi_25148885.mp3,बीएसएनएल की नजर विदेशी बाजारों पर,clean
data/raw/my_dataset/hi/clips/common_voice_hi_26226369.mp3,मेरे पास आज बहुत काम है।,clean
data/raw/my_dataset/hi/clips/common_voice_hi_23937111.mp3,यह सशक्त लोकपाल नहीं हैः लालू यादव,clean
data/raw/my_dataset/hi/clips/common_voice_hi_25224997.mp3,यहाँ से ज़्यादा दूर नहीं है।,clean
data/raw/my_dataset/hi/clips/common_voice_hi_24924087.mp3,'सचिन तेंदुलकर' बन कर चौके-छक्के लगाते नजर आए कैलाश विजयवर्गीय,clean
data/raw/my_dataset/hi/clips/common_voice_hi_25148883.mp3,मैं तुमसे सहमत नहीं हूँ।,clean
data/raw/my_dataset/hi/clips/common_voice_hi_25037977.mp3,बाबा रामदेव बोले- भारत में करोड़ों कमाकर बिरयानी खाते हैं पाकिस्तानी कलाकार,clean
data/raw/my_dataset/hi/clips/common_voice_hi_25983780.mp3,केन खुश है।,clean
data/raw/my_dataset/hi/clips/common_voice_hi_23827791.mp3,उसने अपने दुख को अपनी मुस्कुराहट के पीछे छिपा लिया।,clean
data/raw/my_dataset/hi/clips/common_voice_hi_26166173.mp3,तुम कौनसे जूते पहनोगी?,clean
data/raw/my_dataset/hi/clips/common_voice_hi_24956009.mp3,केसी त्यागी बोले- हमनें नहीं दिया तेजस्वी को कोई अल्टीमेटम,clean
data/raw/my_dataset/hi/clips/common_voice_hi_25323108.mp3,अभी तक हुआ नहीं है।,clean
data/raw/my_dataset/hi/clips/common_voice_hi_26326384.mp3,"पत्रकार को गोली लगी, हालत गंभीर",clean
data/raw/my_dataset/hi/clips/common_voice_hi_24028185.mp3,हैदराबाद एनकाउंटर पर बोली शिवसेना- पुलिस ने न्याय के लिए अपनाया शॉर्टकट,clean
data/raw/my_dataset/hi/clips/common_voice_hi_26028413.mp3,मतलबी इनसान केवल अपनी भावनाओं के बारे में ही सोचता है।,clean
data/raw/my_dataset/hi/clips/common_voice_hi_25149636.mp3,वह चाय पसंद करता है।,clean
data/raw/my_dataset/hi/clips/common_voice_hi_25153163.mp3,महाराष्ट्र की सियासत में आया उबाल,clean
data/raw/my_dataset/hi/clips/common_voice_hi_24639164.mp3,"आम आदमी पार्टी में लगाए जा रहे हैं 'एंटी वायरस', कुमार ने गिनाए काम",clean
data/raw/my_dataset/hi/clips/common_voice_hi_23964485.mp3,यह लिफ़्ट छटी मंज़िल तक ही जाती है।,clean
data/raw/my_dataset/hi/clips/common_voice_hi_25988815.mp3,मेरे कमरे में टीवी नहीं है।,clean
data/raw/my_dataset/hi/clips/common_voice_hi_24957821.mp3,वह उसकी ख़ासियत है।,clean
data/raw/my_dataset/hi/clips/common_voice_hi_24974934.mp3,जो मरने वाले हैं वे तुम्हें सलाम करते हैं।,clean
data/raw/my_dataset/hi/clips/common_voice_hi_25161553.mp3,तमिलनाडु: डीएमके पूर्व मंत्री के घर पड़ा छापा,clean
data/raw/my_dataset/hi/clips/common_voice_hi_24495097.mp3,यह सोना है।,clean
data/raw/my_dataset/hi/clips/common_voice_hi_23852747.mp3,शनिवार हफ़्ते का आखिरी दिन होता है।,clean
data/raw/my_dataset/hi/clips/common_voice_hi_24969805.mp3,उसकी मदद कौन करता है?,clean
data/raw/my_dataset/hi/clips/common_voice_hi_23833317.mp3,मुझे एक कप चाय चाहिए।,clean
data/raw/my_dataset/hi/clips/common_voice_hi_23964497.mp3,"टीचर ने बाथरूम में छात्रा से की छेड़छाड़, मामला दर्ज",clean
data/raw/my_dataset/hi/clips/common_voice_hi_25437208.mp3,उसने एक अंडा बहर निकाला।,clean
data/raw/my_dataset/hi/clips/common_voice_hi_26080952.mp3,यह लड़का मेरा बेटा है।,clean
data/raw/my_dataset/hi/clips/common_voice_hi_24957787.mp3,जाँच-पड़ताल जारी है।,clean
data/raw/my_dataset/hi/clips/common_voice_hi_25225001.mp3,क्या मंगाऊँ?,clean
data/raw/my_dataset/hi/clips/common_voice_hi_25180517.mp3,सभी लड़के भाग गए।,clean
data/raw/my_dataset/hi/clips/common_voice_hi_25033131.mp3,बढ़िया शो था।,clean
data/raw/my_dataset/hi/clips/common_voice_hi_25128214.mp3,अस्पताल यहाँ से नज़दीक है।,clean
data/raw/my_dataset/hi/clips/common_voice_hi_23795360.mp3,वह चाय पी रहा है।,clean
data/raw/my_dataset/hi/clips/common_voice_hi_25473137.mp3,अपनी अगली फिल्म में इस एक्ट्रेस से रोमांस करेंगे कॉमेडियन कपिल शर्मा,clean
data/raw/my_dataset/hi/clips/common_voice_hi_25285596.mp3,आप बिलकुल भी डरे हुए नहीं लगते हो।,clean
data/raw/my_dataset/hi/clips/common_voice_hi_24770295.mp3,मुझे अपने तरीके से करने दो।,clean
data/raw/my_dataset/hi/clips/common_voice_hi_26008569.mp3,किसे मालूम है?,clean
data/raw/my_dataset/hi/clips/common_voice_hi_25319367.mp3,बिहार में आज रात से ट्रांसपोर्टरों का अनिश्चितकालीन चक्का जाम,clean
data/raw/my_dataset/hi/clips/common_voice_hi_25150964.mp3,भोज ओपन यूनिवर्सिटी में खुलेगी लैंग्वेज लैब,clean
data/raw/my_dataset/hi/clips/common_voice_hi_24976200.mp3,मैं उसका बिलकुल भी यकीन नहीं करता।,clean
data/raw/my_dataset/hi/clips/common_voice_hi_26080940.mp3,वे ज़मीन एकड़ों में बेचतें हैं।,clean
data/raw/my_dataset/hi/clips/common_voice_hi_24562189.mp3,वे स्पेनी हैं।,clean
data/raw/my_dataset/hi/clips/common_voice_hi_25225022.mp3,वह अपनी बूढ़ी माँ की देखभाल करती है।,clean
data/raw/my_dataset/hi/clips/common_voice_hi_24016298.mp3,कंधमाल कांड: नन ने मुख्य आरोपी की पहचान की,clean
data/raw/my_dataset/hi/clips/common_voice_hi_23795248.mp3,आभा ने राठौड़ से जेल में मुलाकात की,clean
data/raw/my_dataset/hi/clips/common_voice_hi_25033127.mp3,"मैं थोड़ा-बहुत समझ सकता हूँ, पर बोल नहीं सकता हूँ।",clean
data/raw/my_dataset/hi/clips/common_voice_hi_23901987.mp3,वह दस साल का लड़का था।,clean
data/raw/my_dataset/hi/clips/common_voice_hi_26619813.mp3,इसलिए याद किए जाते रहेंगे ओम पुरी...,clean
data/raw/my_dataset/hi/clips/common_voice_hi_24969566.mp3,"लोकसभा में कल उठेगा जानलेवा प्रदूषण का मुद्दा, प्रकाश जावड़ेकर देंगे जवाब",clean
data/raw/my_dataset/hi/clips/common_voice_hi_26239092.mp3,दो बार की ग्रैंडस्लैम चैम्पियन ली ना ने टेनिस से संन्यास लिया,clean
data/raw/my_dataset/hi/clips/common_voice_hi_25164217.mp3,"अयोध्या में हलचल, तेज हो रहा राम मंदिर के लिए पत्थर तराशने का काम",clean
data/raw/my_dataset/hi/clips/common_voice_hi_24660520.mp3,घर चमकाना हो तो कीजिए रीठा का इस्तेमाल,clean
data/raw/my_dataset/hi/clips/common_voice_hi_25437237.mp3,"बॉक्स ऑफिस पर पिटी सोनचिड़िया, लुका छुपी के सामने तोड़ा दम",clean
data/raw/my_dataset/hi/clips/common_voice_hi_26007440.mp3,यहाँ स्पेनी बोली जाती है।,clean
data/raw/my_dataset/hi/clips/common_voice_hi_25170244.mp3,पाकिस्तान ने परमाणु क्षमता सम्पन्न मिसाइल का परीक्षण किया,clean
data/raw/my_dataset/hi/clips/common_voice_hi_25983325.mp3,तुम पुर्त्तगाल में रहती हो या ब्राज़ील में?,clean
data/raw/my_dataset/hi/clips/common_voice_hi_23964481.mp3,इन्सान का शरीर एक तरह की मशीन होती है।,clean
data/raw/my_dataset/hi/clips/common_voice_hi_24559397.mp3,उसने पीछे मुड़कर मुझपर मुस्कुराया।,clean
data/raw/my_dataset/hi/clips/common_voice_hi_25174030.mp3,"इस केक में आटा, दूध, अंडे और शक्कर है।",clean
data/raw/my_dataset/hi/clips/common_voice_hi_24969592.mp3,चीन में मेरा और एक दोस्त है।,clean
data/raw/my_dataset/hi/clips/common_voice_hi_26032231.mp3,मैं चाय पीना चाहता हूँ।,clean
data/raw/my_dataset/hi/clips/common_voice_hi_23830501.mp3,"सिंगापुर को मलाय में ""सिंगापुरा"" कहते हैं।",clean
data/raw/my_dataset/hi/clips/common_voice_hi_24016299.mp3,महिलाओं के लिये स्ट्रिप क्लब है।,clean
data/raw/my_dataset/hi/clips/common_voice_hi_26555405.mp3,अनुपम ने विकलांग लड़की की मदद की इच्छा जताई,clean
data/raw/my_dataset/hi/clips/common_voice_hi_26249356.mp3,"ब्रिटिश जज ने पूछा, ‘ये चौके और छक्के क्या होते हैं?’",clean
data/raw/my_dataset/hi/clips/common_voice_hi_25038077.mp3,"पुराने ढर्रे पर कपिल शर्मा, क्या खत्म होने की ओर है उनका करियर?",clean
data/raw/my_dataset/hi/clips/common_voice_hi_24584891.mp3,बर्थडे स्पेशल: फिल्मों में एक्टिंग के लिए छोड़ दी थी इंजीनियरिंग...,clean
data/raw/my_dataset/hi/clips/common_voice_hi_26117148.mp3,ग्रीक लोग भी अक्सर मछली खाते हैं।,clean
data/raw/my_dataset/hi/clips/common_voice_hi_25158023.mp3,मेरे पास जो भी पैसे थे मैंने उसे दे दिए।,clean
data/raw/my_dataset/hi/clips/common_voice_hi_25153166.mp3,कश्मीर में हड़ताल से सामान्य जनजीवन प्रभावित,clean
data/raw/my_dataset/hi/clips/common_voice_hi_23828802.mp3,मुझे भावी प्रधानमंत्री न समझा जाए: राहुल गांधी,clean
data/raw/my_dataset/hi/clips/common_voice_hi_25319372.mp3,"इवेंट में चिल्लाते हुए पाकिस्तानी लड़की ने किया प्रियंका से सवाल, मिला करारा जवाब",clean
data/raw/my_dataset/hi/clips/common_voice_hi_24969923.mp3,तुम क्यों नहीं आए?,clean
data/raw/my_dataset/hi/clips/common_voice_hi_24038974.mp3,लव लेटर नहीं लव ट्वीट्स का है जमाना,clean
data/raw/my_dataset/hi/clips/common_voice_hi_26558514.mp3,"पुलिस के हत्थे चढ़ा कैब में बलात्कार का आरोपी ड्राइवर, मथुरा से गिरफ्तारी",clean
data/raw/my_dataset/hi/clips/common_voice_hi_24829415.mp3,एक पानिनी या दो पानिनी?,clean
data/raw/my_dataset/hi/clips/common_voice_hi_26326640.mp3,राम मंदिर पर सभी को कोर्ट के फैसले पर चलना होगा: अमर सिंह,clean
data/raw/my_dataset/hi/clips/common_voice_hi_24956040.mp3,इस प्रोग्राम को अपने कंप्यूटर पर कॉपी कर लीजिए।,clean
data/raw/my_dataset/hi/clips/common_voice_hi_26249541.mp3,बिल चरित्र में अपने पिता से मिलता-जुलता है।,clean
data/raw/my_dataset/hi/clips/common_voice_hi_24004903.mp3,सभी उसकी अच्छाई करते है।,clean
data/raw/my_dataset/hi/clips/common_voice_hi_25930431.mp3,उसे संत्रे अच्छे लगते हैं।,clean
data/raw/my_dataset/hi/clips/common_voice_hi_25983340.mp3,बच्चों ने एक-दूसरे की नकल करने की कोशिश करी।,clean
data/raw/my_dataset/hi/clips/common_voice_hi_24883999.mp3,मैं उनसे इतना प्यार करता हूँ कि मैं उन्हें छोड़ नहीं सकती।,clean
data/raw/my_dataset/hi/clips/common_voice_hi_25473109.mp3,आप ने कुछ ज़्यादा ही पी ली है।,clean
data/raw/my_dataset/hi/clips/common_voice_hi_24559394.mp3,यह किताब उस किताब से पुरानी है।,clean
data/raw/my_dataset/hi/clips/common_voice_hi_24663111.mp3,अमरीकी झंडे में पचास सितारे हैं।,clean
data/raw/my_dataset/hi/clips/common_voice_hi_24559396.mp3,आकाश में कई अरब सितारे हैं।,clean
data/raw/my_dataset/hi/clips/common_voice_hi_24956042.mp3,बारामूला: आतंकियों से मुठभेड़ में सैनिक शहीद,clean
data/raw/my_dataset/hi/clips/common_voice_hi_26032266.mp3,एथेंस में स्विट्जरलैंड दूतावास के बाहर धमाका,clean
data/raw/my_dataset/hi/clips/common_voice_hi_25983762.mp3,वह हर सुबह अखबार पढ़ती है।,clean
data/raw/my_dataset/hi/clips/common_voice_hi_26042084.mp3,आमिर ने मराठी फिल्म 'सैराट' की जमकर की तारीफ,clean
